Date,Upper Frequency (Hz),Lower Frequency (Hz)
22-Mar-19,50.25,49.75
21-Mar-19,50.25,49.75
20-Mar-19,50.25,49.75
19-Mar-19,50.25,49.75
18-Mar-19,50.25,49.75
17-Mar-19,50.25,49.75
16-Mar-19,50.25,49.75
15-Mar-19,50.25,49.75
14-Mar-19,50.25,49.75
13-Mar-19,50.25,49.75
12-Mar-19,50.25,49.75
11-Mar-19,50.25,49.75
10-Mar-19,50.25,49.75
9-Mar-19,50.25,49.75
8-Mar-19,50.25,49.75
7-Mar-19,50.25,49.75
6-Mar-19,50.25,49.75
5-Mar-19,50.25,49.75
4-Mar-19,50.25,49.75
3-Mar-19,50.25,49.75
2-Mar-19,50.25,49.75
1-Mar-19,50.25,49.75
28-Feb-19,50.25,49.75
27-Feb-19,50.25,49.75
26-Feb-19,50.25,49.75
25-Feb-19,50.25,49.75
24-Feb-19,50.25,49.75
23-Feb-19,50.25,49.75
22-Feb-19,50.25,49.75
21-Feb-19,50.25,49.75
20-Feb-19,50.25,49.75
19-Feb-19,50.25,49.75
18-Feb-19,50.25,49.75
17-Feb-19,50.25,49.75
16-Feb-19,50.25,49.75
15-Feb-19,50.25,49.75
14-Feb-19,50.25,49.75
13-Feb-19,50.25,49.75
12-Feb-19,50.25,49.75
11-Feb-19,50.25,49.75
10-Feb-19,50.25,49.75
9-Feb-19,50.25,49.75
8-Feb-19,50.25,49.75
7-Feb-19,50.25,49.75
6-Feb-19,50.25,49.75
5-Feb-19,50.25,49.75
4-Feb-19,50.25,49.75
3-Feb-19,50.25,49.75
2-Feb-19,50.25,49.75
1-Feb-19,50.25,49.75
31-Jan-19,50.25,49.75
30-Jan-19,50.25,49.75
29-Jan-19,50.25,49.75
28-Jan-19,50.25,49.75
27-Jan-19,50.25,49.75
26-Jan-19,50.25,49.75
25-Jan-19,50.25,49.75
24-Jan-19,50.25,49.75
23-Jan-19,50.25,49.75
22-Jan-19,50.25,49.75
21-Jan-19,50.25,49.75
20-Jan-19,50.25,49.75
19-Jan-19,50.25,49.75
18-Jan-19,50.25,49.75
17-Jan-19,50.25,49.75
16-Jan-19,50.25,49.75
15-Jan-19,50.25,49.75
14-Jan-19,50.25,49.75
13-Jan-19,50.25,49.75
12-Jan-19,50.25,49.75
11-Jan-19,50.25,49.75
10-Jan-19,50.25,49.75
9-Jan-19,50.25,49.75
8-Jan-19,50.25,49.75
7-Jan-19,50.25,49.75
6-Jan-19,50.25,49.75
5-Jan-19,50.25,49.75
4-Jan-19,50.25,49.75
3-Jan-19,50.25,49.75
2-Jan-19,50.25,49.75
1-Jan-19,50.25,49.75
31-Dec-18,50.25,49.75
30-Dec-18,50.25,49.75
29-Dec-18,50.25,49.75
28-Dec-18,50.25,49.75
27-Dec-18,50.25,49.75
26-Dec-18,50.25,49.75
25-Dec-18,50.25,49.75
24-Dec-18,50.25,49.75
23-Dec-18,50.25,49.75
22-Dec-18,50.25,49.75
21-Dec-18,50.25,49.75
20-Dec-18,50.25,49.75
19-Dec-18,50.25,49.75
18-Dec-18,50.25,49.75
17-Dec-18,50.25,49.75
16-Dec-18,50.25,49.75
15-Dec-18,50.25,49.75
14-Dec-18,50.25,49.75
13-Dec-18,50.25,49.75
12-Dec-18,50.25,49.75
11-Dec-18,50.25,49.75
10-Dec-18,50.25,49.75
9-Dec-18,50.25,49.75
8-Dec-18,50.25,49.75
7-Dec-18,50.25,49.75
6-Dec-18,50.25,49.75
5-Dec-18,50.25,49.75
4-Dec-18,50.25,49.75
3-Dec-18,50.25,49.75
2-Dec-18,50.25,49.75
1-Dec-18,50.25,49.75
30-Nov-18,50.25,49.75
29-Nov-18,50.25,49.75
28-Nov-18,50.25,49.75
27-Nov-18,50.25,49.75
26-Nov-18,50.25,49.75
25-Nov-18,50.25,49.75
24-Nov-18,50.25,49.75
23-Nov-18,50.25,49.75
22-Nov-18,50.25,49.75
21-Nov-18,50.25,49.75
20-Nov-18,50.25,49.75
19-Nov-18,50.25,49.75
18-Nov-18,50.25,49.75
17-Nov-18,50.25,49.75
16-Nov-18,50.25,49.75
15-Nov-18,50.25,49.75
14-Nov-18,50.25,49.75
13-Nov-18,50.25,49.75
12-Nov-18,50.25,49.75
11-Nov-18,50.25,49.75
10-Nov-18,50.25,49.75
9-Nov-18,50.25,49.75
8-Nov-18,50.25,49.75
7-Nov-18,50.25,49.75
6-Nov-18,50.25,49.75
5-Nov-18,50.25,49.75
4-Nov-18,50.25,49.75
3-Nov-18,50.25,49.75
2-Nov-18,50.25,49.75
1-Nov-18,50.25,49.75
31-Oct-18,50.25,49.75
30-Oct-18,50.25,49.75
29-Oct-18,50.25,49.75
28-Oct-18,50.25,49.75
27-Oct-18,50.25,49.75
26-Oct-18,50.25,49.75
25-Oct-18,50.25,49.75
24-Oct-18,50.25,49.75
23-Oct-18,50.25,49.75
22-Oct-18,50.25,49.75
21-Oct-18,50.25,49.75
20-Oct-18,50.25,49.75
19-Oct-18,50.25,49.75
18-Oct-18,50.25,49.75
17-Oct-18,50.25,49.75
16-Oct-18,50.25,49.75
15-Oct-18,50.25,49.75
14-Oct-18,50.25,49.75
13-Oct-18,50.25,49.75
12-Oct-18,50.25,49.75
11-Oct-18,50.25,49.75
10-Oct-18,50.25,49.75
9-Oct-18,50.25,49.75
8-Oct-18,50.25,49.75
7-Oct-18,50.25,49.75
6-Oct-18,50.25,49.75
5-Oct-18,50.25,49.75
4-Oct-18,50.25,49.75
3-Oct-18,50.25,49.75
2-Oct-18,50.25,49.75
1-Oct-18,50.25,49.75
30-Sep-18,50.25,49.75
29-Sep-18,50.25,49.75
28-Sep-18,50.25,49.75
27-Sep-18,50.25,49.75
26-Sep-18,50.25,49.75
25-Sep-18,50.25,49.75
24-Sep-18,50.25,49.75
23-Sep-18,50.25,49.75
22-Sep-18,50.25,49.75
21-Sep-18,50.25,49.75
20-Sep-18,50.25,49.75
19-Sep-18,50.25,49.75
18-Sep-18,50.25,49.75
17-Sep-18,50.25,49.75
16-Sep-18,50.25,49.75
15-Sep-18,50.25,49.75
14-Sep-18,50.25,49.75
13-Sep-18,50.25,49.75
12-Sep-18,50.25,49.75
11-Sep-18,50.25,49.75
10-Sep-18,50.25,49.75
9-Sep-18,50.25,49.75
8-Sep-18,50.25,49.75
7-Sep-18,50.25,49.75
6-Sep-18,50.25,49.75
5-Sep-18,50.25,49.75
4-Sep-18,50.25,49.75
3-Sep-18,50.25,49.75
2-Sep-18,50.25,49.75
1-Sep-18,50.25,49.75
31-Aug-18,50.13,50.6
30-Aug-18,50.19,50.74
29-Aug-18,50.17,50.61
28-Aug-18,49.59,50.84
27-Aug-18,49.72,50.83
26-Aug-18,50.15,50.75
25-Aug-18,49.8,50.83
24-Aug-18,49.93,50.73
23-Aug-18,50.02,50.55
22-Aug-18,49.96,50.62
21-Aug-18,50.15,50.58
20-Aug-18,50.08,50.67
19-Aug-18,50.15,50.66
18-Aug-18,50.17,50.77
17-Aug-18,50.16,50.72
16-Aug-18,49.97,50.69
15-Aug-18,49.64,50.67
14-Aug-18,49.03,50.75
13-Aug-18,49.53,50.74
12-Aug-18,50.26,50.66
11-Aug-18,50.02,50.72
10-Aug-18,48.98,50.56
9-Aug-18,50.08,50.6
8-Aug-18,49.89,50.59
7-Aug-18,49.75,50.73
6-Aug-18,49.95,50.82
5-Aug-18,50.17,50.78
4-Aug-18,49.47,50.81
3-Aug-18,49.67,50.89
2-Aug-18,50.04,50.84
1-Aug-18,49.84,50.75
31-Jul-18,50.13,50.71
30-Jul-18,50.08,50.86
29-Jul-18,50.17,50.64
28-Jul-18,50.14,50.76
27-Jul-18,50.13,50.71
26-Jul-18,50.07,50.8
25-Jul-18,50.17,50.62
24-Jul-18,50.2,50.57
23-Jul-18,50.15,50.7
22-Jul-18,50.19,50.73
21-Jul-18,50.14,50.71
20-Jul-18,50.15,50.91
19-Jul-18,50.11,50.83
18-Jul-18,49.88,50.82
17-Jul-18,50.13,50.78
16-Jul-18,50.2,50.65
15-Jul-18,50.24,50.72
14-Jul-18,50.13,50.67
13-Jul-18,50.05,50.65
12-Jul-18,50.13,50.6
11-Jul-18,50.06,50.75
10-Jul-18,50.15,50.78
9-Jul-18,48.75,50.63
8-Jul-18,47.38,51.18
7-Jul-18,50.17,50.9
6-Jul-18,49.85,50.79
5-Jul-18,50.05,50.69
4-Jul-18,49.99,50.62
3-Jul-18,49.55,50.64
2-Jul-18,49.56,50.68
1-Jul-18,50.09,50.72
30-Jun-18,49.93,50.72
29-Jun-18,49.49,50.73
28-Jun-18,49.89,50.82
27-Jun-18,50.06,50.67
26-Jun-18,49.23,50.68
25-Jun-18,50.09,50.76
24-Jun-18,50.05,50.86
23-Jun-18,50.08,50.67
22-Jun-18,50.1,50.59
21-Jun-18,49.64,50.68
20-Jun-18,50.17,50.7
19-Jun-18,49.94,50.68
18-Jun-18,49.82,50.61
17-Jun-18,50.06,50.69
16-Jun-18,48.74,50.67
15-Jun-18,49.48,50.54
14-Jun-18,49.36,50.57
13-Jun-18,49.95,50.51
12-Jun-18,49.81,50.55
11-Jun-18,49.84,50.42
10-Jun-18,49.63,50.57
9-Jun-18,49.38,50.55
8-Jun-18,47,50.55
7-Jun-18,49.57,50.56
6-Jun-18,49.85,50.68
5-Jun-18,48.96,50.6
4-Jun-18,50.07,50.88
3-Jun-18,49.68,50.62
2-Jun-18,50.17,50.86
1-Jun-18,49.9,50.63
31-May-18,48.86,50.6
30-May-18,49.93,50.57
29-May-18,49.73,50.68
28-May-18,49.95,50.57
27-May-18,50.04,50.72
26-May-18,49.61,50.68
25-May-18,49.9,51.43
24-May-18,49.99,50.68
23-May-18,49.89,50.78
22-May-18,50.17,50.96
21-May-18,49.88,50.55
20-May-18,50.03,50.7
19-May-18,50.03,50.67
18-May-18,50.01,51.09
17-May-18,49.7,51.04
16-May-18,49.79,50.69
15-May-18,49.67,50.81
14-May-18,49.62,50.73
13-May-18,49.71,50.73
12-May-18,50.14,50.71
11-May-18,49.9,50.68
10-May-18,49.87,50.89
9-May-18,49.85,50.66
8-May-18,50.06,51.15
7-May-18,50.03,50.64
6-May-18,50.15,50.65
5-May-18,49.86,51.26
4-May-18,49.94,50.82
3-May-18,49.98,51.48
2-May-18,50.05,50.75
1-May-18,49.85,50.61
30-Apr-18,50.16,50.63
29-Apr-18,50.15,50.6
28-Apr-18,50.11,50.68
27-Apr-18,50.14,50.85
26-Apr-18,50.09,50.82
25-Apr-18,50.09,50.82
24-Apr-18,50.08,50.58
23-Apr-18,49.94,50.57
22-Apr-18,50.09,50.64
21-Apr-18,50.05,50.78
20-Apr-18,50.19,51.07
19-Apr-18,50.12,50.7
18-Apr-18,49.95,50.58
17-Apr-18,49.84,50.61
16-Apr-18,49.9,50.78
15-Apr-18,49.9,50.68
14-Apr-18,48.77,50.57
13-Apr-18,48.6,50.98
12-Apr-18,47.6,50.99
11-Apr-18,49.45,50.58
10-Apr-18,49.99,50.76
9-Apr-18,49.01,50.78
8-Apr-18,49.66,50.96
7-Apr-18,50.18,50.58
6-Apr-18,50.8,50.67
5-Apr-18,50.21,50.68
4-Apr-18,49.79,50.52
3-Apr-18,49.82,50.47
2-Apr-18,49.83,50.39
1-Apr-18,49.43,50.37
31-Mar-18,49.89,50.56
30-Mar-18,49.84,50.74
29-Mar-18,49.83,50.39
28-Mar-18,50.04,50.5
27-Mar-18,49.93,50.48
26-Mar-18,49.72,50.62
25-Mar-18,50.14,50.71
24-Mar-18,49.8,50.67
23-Mar-18,50.18,50.64
22-Mar-18,48.2,50.77
21-Mar-18,50.07,50.62
20-Mar-18,49.79,50.41
19-Mar-18,49.81,50.45
18-Mar-18,49.72,50.53
17-Mar-18,49.81,50.56
16-Mar-18,49.66,50.61
15-Mar-18,49.02,50.6
14-Mar-18,49.72,50.54
13-Mar-18,49.76,50.65
12-Mar-18,49.41,50.61
11-Mar-18,49.92,50.58
10-Mar-18,49.84,50.57
9-Mar-18,49.91,50.57
8-Mar-18,49.54,50.58
7-Mar-18,49.88,50.55
6-Mar-18,49.81,50.48
5-Mar-18,49.73,50.55
4-Mar-18,49.83,50.61
3-Mar-18,49.8,50.67
2-Mar-18,49.89,50.59
1-Mar-18,49.88,50.6
28-Feb-18,50.19,50.57
27-Feb-18,49.78,50.59
26-Feb-18,49.78,50.59
25-Feb-18,50.14,50.62
24-Feb-18,49.72,50.89
23-Feb-18,48.48,50.69
22-Feb-18,50.02,50.57
21-Feb-18,50.02,50.58
20-Feb-18,49.51,50.64
19-Feb-18,50.1,50.69
18-Feb-18,49.99,50.64
17-Feb-18,49.97,50.55
16-Feb-18,50.14,50.47
15-Feb-18,49.93,50.53
14-Feb-18,50.12,50.53
13-Feb-18,50.17,50.57
12-Feb-18,49.9,50.62
11-Feb-18,50.19,50.63
10-Feb-18,50.02,50.58
9-Feb-18,50.16,50.59
8-Feb-18,50.05,50.51
7-Feb-18,50.01,50.66
6-Feb-18,50.03,50.5
5-Feb-18,49.92,50.49
4-Feb-18,49.88,50.48
3-Feb-18,49.85,50.48
2-Feb-18,49.93,50.53
1-Feb-18,48.7,51.22
31-Jan-18,50.11,50.6
30-Jan-18,49.96,50.48
29-Jan-18,49.86,50.47
28-Jan-18,49.84,50.55
27-Jan-18,49.89,50.61
26-Jan-18,49.81,50.47
25-Jan-18,49.82,50.51
24-Jan-18,49.82,50.53
23-Jan-18,49.84,50.48
22-Jan-18,49.79,50.55
21-Jan-18,49.9,50.68
20-Jan-18,49.79,50.47
19-Jan-18,49.82,50.5
18-Jan-18,48.3,50.47
17-Jan-18,49.91,50.49
16-Jan-18,50,50.46
15-Jan-18,49.87,50.53
14-Jan-18,50.07,50.52
13-Jan-18,49.99,50.5
12-Jan-18,50.05,50.52
11-Jan-18,49.96,50.49
10-Jan-18,49.96,50.57
9-Jan-18,49.54,50.73
8-Jan-18,47.27,50.66
7-Jan-18,47.3,51.03
6-Jan-18,47.8,50.82
5-Jan-18,50.02,50.7
4-Jan-18,49.77,50.53
3-Jan-18,48.72,50.81
2-Jan-18,50.13,50.58
1-Jan-18,47.35,50.75
31-Dec-17,49.96,50.53
30-Dec-17,49.21,50.53
29-Dec-17,50,50.51
28-Dec-17,50.07,50.48
27-Dec-17,50.11,50.47
26-Dec-17,49.98,50.43
25-Dec-17,50.02,50.54
24-Dec-17,50.17,50.48
23-Dec-17,50.12,50.5
22-Dec-17,49.7,50.48
21-Dec-17,50.18,50.47
20-Dec-17,50.02,50.55
19-Dec-17,50.16,50.54
18-Dec-17,50.1,51.51
17-Dec-17,50.09,50.58
16-Dec-17,50.22,50.56
15-Dec-17,50.02,50.47
14-Dec-17,49.02,50.54
13-Dec-17,50.18,50.53
12-Dec-17,50.19,50.54
11-Dec-17,50.18,50.57
10-Dec-17,50.18,50.55
9-Dec-17,50.15,50.51
8-Dec-17,49.87,50.8
7-Dec-17,50.14,50.5
6-Dec-17,50.16,50.56
5-Dec-17,50.06,50.55
4-Dec-17,50.11,50.51
3-Dec-17,50.21,50.46
2-Dec-17,50.09,50.47
1-Dec-17,50.05,50.47
30-Nov-17,49.81,50.52
29-Nov-17,49.91,50.53
28-Nov-17,49.93,50.51
27-Nov-17,50.18,50.48
26-Nov-17,50,50.52
25-Nov-17,50.16,50.61
24-Nov-17,50.03,50.56
23-Nov-17,49.88,50.46
22-Nov-17,49.85,50.53
21-Nov-17,49.83,50.57
20-Nov-17,49.92,50.54
19-Nov-17,50.16,50.53
18-Nov-17,49.84,50.51
17-Nov-17,49.88,50.51
16-Nov-17,49.73,50.59
15-Nov-17,49.88,50.55
14-Nov-17,49.97,50.53
13-Nov-17,49.9,50.57
12-Nov-17,50,50.57
11-Nov-17,49.93,50.52
10-Nov-17,49.96,50.51
9-Nov-17,49.91,50.52
8-Nov-17,50.01,50.52
7-Nov-17,49.28,50.63
6-Nov-17,49.9,50.63
5-Nov-17,50.05,50.55
4-Nov-17,50.15,50.61
3-Nov-17,50.14,50.51
2-Nov-17,50.21,50.45
1-Nov-17,50.01,50.6
31-Oct-17,49.93,50.52
30-Oct-17,49.53,50.99
29-Oct-17,49.78,50.46
28-Oct-17,49.84,50.45
27-Oct-17,49.95,50.51
26-Oct-17,49.88,50.49
25-Oct-17,49.74,50.58
24-Oct-17,50.05,50.5
23-Oct-17,49.91,50.49
22-Oct-17,50.1,50.51
21-Oct-17,49.78,50.57
20-Oct-17,49.68,50.68
19-Oct-17,49.44,50.53
18-Oct-17,49.69,50.7
17-Oct-17,50.1,50.54
16-Oct-17,49.85,50.6
15-Oct-17,49.9,50.54
14-Oct-17,49.43,51.73
13-Oct-17,49.81,50.59
12-Oct-17,50.02,50.53
11-Oct-17,49.82,50.6
10-Oct-17,49.88,50.57
9-Oct-17,50.02,50.53
8-Oct-17,50.12,50.67
7-Oct-17,49.8,51.01
6-Oct-17,49.65,50.57
5-Oct-17,49.94,50.54
4-Oct-17,49.85,50.64
3-Oct-17,49.68,50.55
2-Oct-17,49.74,50.83
1-Oct-17,49.8,50.55
30-Sep-17,49.83,50.74
29-Sep-17,49.84,50.64
28-Sep-17,47.66,51.18
27-Sep-17,49.95,50.54
26-Sep-17,49.82,50.64
25-Sep-17,49.85,50.65
24-Sep-17,49.69,50.88
23-Sep-17,50.13,50.52
22-Sep-17,49.92,50.52
21-Sep-17,49.72,50.58
20-Sep-17,48.88,50.88
19-Sep-17,50.12,50.52
18-Sep-17,48.75,50.98
17-Sep-17,50.18,50.65
16-Sep-17,49.92,50.58
15-Sep-17,49.39,50.58
14-Sep-17,49.96,51.09
13-Sep-17,49.89,50.66
12-Sep-17,50.07,50.64
11-Sep-17,49.76,50.9
10-Sep-17,50.09,50.59
9-Sep-17,49.75,50.52
8-Sep-17,49.32,50.6
7-Sep-17,49.86,50.73
6-Sep-17,49.85,50.53
5-Sep-17,49.8,50.51
4-Sep-17,49.93,50.58
3-Sep-17,50.12,50.63
2-Sep-17,50.13,50.53
1-Sep-17,49.62,50.46
31-Aug-17,49.54,50.55
30-Aug-17,49.97,50.55
29-Aug-17,49.97,50.49
28-Aug-17,49.85,50.57
27-Aug-17,49.75,50.68
26-Aug-17,49.73,50.73
25-Aug-17,49.7,50.71
24-Aug-17,49.82,50.54
23-Aug-17,49.86,50.53
22-Aug-17,49.74,50.51
21-Aug-17,49.82,50.61
20-Aug-17,49.99,50.65
19-Aug-17,49.33,50.49
18-Aug-17,49.13,50.54
17-Aug-17,49.81,50.79
16-Aug-17,50.06,50.59
15-Aug-17,49.75,50.51
14-Aug-17,49.62,50.67
13-Aug-17,49.97,50.58
12-Aug-17,49.55,50.54
11-Aug-17,50.07,50.52
10-Aug-17,49.88,50.5
9-Aug-17,50.11,50.54
8-Aug-17,49.47,50.56
7-Aug-17,49.86,50.94
6-Aug-17,49.45,50.68
5-Aug-17,49.71,50.8
4-Aug-17,49.46,50.93
3-Aug-17,49.29,50.7
2-Aug-17,49.73,50.7
1-Aug-17,49.49,50.78
31-Jul-17,49.5,50.73
30-Jul-17,49.83,50.6
29-Jul-17,49.74,50.53
28-Jul-17,50.15,50.55
27-Jul-17,50.02,50.46
26-Jul-17,49.69,50.62
25-Jul-17,49.27,50.56
24-Jul-17,49.61,50.66
23-Jul-17,50.03,50.67
22-Jul-17,50.1,50.71
21-Jul-17,50.23,50.6
20-Jul-17,49.8,50.59
19-Jul-17,50.04,50.8
18-Jul-17,50.02,50.66
17-Jul-17,49.17,50.65
16-Jul-17,50.02,50.63
15-Jul-17,49.68,50.64
14-Jul-17,49.52,50.54
13-Jul-17,50.01,50.56
12-Jul-17,50.04,50.55
11-Jul-17,49.55,50.59
10-Jul-17,49.66,50.65
9-Jul-17,49.97,50.74
8-Jul-17,49.79,50.6
7-Jul-17,49.99,50.56
6-Jul-17,49.81,50.59
5-Jul-17,49.53,50.56
4-Jul-17,49.7,50.56
3-Jul-17,49.6,50.64
2-Jul-17,49.34,50.57
1-Jul-17,49.86,50.52
30-Jun-17,50,50.45
29-Jun-17,49.74,50.53
28-Jun-17,49.64,50.72
27-Jun-17,0,50.78
26-Jun-17,49.31,50.49
25-Jun-17,49.99,50.5
24-Jun-17,50.09,50.56
23-Jun-17,49.4,50.69
22-Jun-17,49.4,50.69
21-Jun-17,49.92,50.6
20-Jun-17,49.5,50.76
19-Jun-17,49.63,51.02
18-Jun-17,49.55,50.53
17-Jun-17,49.45,51.22
16-Jun-17,49.58,51.13
15-Jun-17,49.63,50.52
14-Jun-17,49.64,50.43
13-Jun-17,49.94,50.74
12-Jun-17,49.39,50.99
11-Jun-17,49.18,50.66
10-Jun-17,49.56,50.64
9-Jun-17,49.88,50.54
8-Jun-17,49.59,50.51
7-Jun-17,49.46,50.71
6-Jun-17,49.64,50.55
5-Jun-17,49.17,50.5
4-Jun-17,49.71,51.27
3-Jun-17,49.41,50.77
2-Jun-17,49.74,50.52
1-Jun-17,49.51,50.73
31-May-17,49.2,50.82
30-May-17,49.05,50.96
29-May-17,49.64,50.55
28-May-17,49.76,50.75
27-May-17,49.62,50.5
26-May-17,49.56,51.13
25-May-17,49.05,51.25
24-May-17,49.38,50.49
23-May-17,49.09,50.49
22-May-17,49.05,51.42
21-May-17,49,51.46
20-May-17,49,51.55
19-May-17,48.79,51.52
18-May-17,48.8,51.42
17-May-17,49.19,51.42
16-May-17,48.69,51.53
15-May-17,49.09,51.57
14-May-17,48.98,51.52
13-May-17,49.1,51.36
12-May-17,49.05,51.42
11-May-17,49.44,51.46
10-May-17,49.15,51.57
9-May-17,49.15,51.57
8-May-17,48.37,51.5
7-May-17,48.71,51.79
6-May-17,49.02,51.53
5-May-17,48.71,51.67
4-May-17,48.7,51.58
3-May-17,48.71,51.5
2-May-17,48.76,51.45
1-May-17,48.98,51.51
30-Apr-17,48.78,51.5
29-Apr-17,48.77,51.51
28-Apr-17,48.72,51.51
27-Apr-17,48.76,51.52
26-Apr-17,48.32,51.43
25-Apr-17,48.42,51.52
24-Apr-17,48.93,51.52
23-Apr-17,48.82,51.51
22-Apr-17,48.75,51.66
21-Apr-17,48.71,51.52
20-Apr-17,48.7,51.61
19-Apr-17,48.55,51.45
18-Apr-17,48.65,51.5
17-Apr-17,48.55,51.52
16-Apr-17,48.84,51.41
15-Apr-17,48.02,51.43
14-Apr-17,48.83,51.52
13-Apr-17,48,51.53
12-Apr-17,48.89,51.41
11-Apr-17,49.17,51.37
10-Apr-17,47.74,51.43
9-Apr-17,47.48,51.44
8-Apr-17,48.72,51.5
7-Apr-17,48.71,51.51
6-Apr-17,48.74,51.52
5-Apr-17,48.64,51.46
4-Apr-17,48.99,51.36
3-Apr-17,48.82,51.45
2-Apr-17,48.99,51.45
1-Apr-17,48.78,51.43
31-Mar-17,48.75,51.43
30-Mar-17,48.63,52.2
29-Mar-17,48.22,51.52
28-Mar-17,48.77,51.53
27-Mar-17,48.48,51.55
26-Mar-17,48.73,51.5
25-Mar-17,48.93,51.5
24-Mar-17,48.91,51.52
23-Mar-17,49.18,51.52
22-Mar-17,49.11,51.53
21-Mar-17,49.07,51.54
20-Mar-17,48.8,51.53
19-Mar-17,48.79,51.53
18-Mar-17,48.98,51.44
17-Mar-17,48.59,51.53
16-Mar-17,43.4,51.9
15-Mar-17,48.4,51.5
14-Mar-17,48.88,51.53
13-Mar-17,49.33,51.53
12-Mar-17,49.37,51.52
11-Mar-17,49.32,51.52
10-Mar-17,49.69,51.6
9-Mar-17,49.16,51.55
8-Mar-17,48.95,51.52
7-Mar-17,48.98,51.56
6-Mar-17,49.09,51.63
5-Mar-17,48.81,51.52
4-Mar-17,48.92,51.55
3-Mar-17,49.04,51.53
2-Mar-17,48.82,51.52
1-Mar-17,48.9,51.51
28-Feb-17,48.94,51.48
27-Feb-17,49.37,51.53
26-Feb-17,49.56,51.51
25-Feb-17,49,51.4
24-Feb-17,48.73,51.47
23-Feb-17,49.12,51.5
22-Feb-17,47.3,51.48
21-Feb-17,48.9,51.44
20-Feb-17,48.86,51.46
19-Feb-17,48.67,51.5
18-Feb-17,48.77,51.53
17-Feb-17,48.75,51.5
16-Feb-17,48.94,51.5
15-Feb-17,48.68,51.47
14-Feb-17,48.68,51.37
13-Feb-17,48.52,51.52
12-Feb-17,48.52,51.52
11-Feb-17,49.11,51.46
10-Feb-17,49.11,51.46
9-Feb-17,48.78,51.35
8-Feb-17,48.62,51.32
7-Feb-17,48.76,51.53
6-Feb-17,48.93,51.46
5-Feb-17,48.57,51.83
4-Feb-17,48.84,51.41
3-Feb-17,48.84,51.41
2-Feb-17,48.87,51.51
1-Feb-17,47.52,51.47
31-Jan-17,48.61,51.39
30-Jan-17,48.81,51.5
29-Jan-17,48.77,51.42
28-Jan-17,48.2,51.5
27-Jan-17,48.55,51.35
26-Jan-17,48.7,51.28
25-Jan-17,47.88,51.49
24-Jan-17,48.81,51.46
23-Jan-17,48.81,51.46
22-Jan-17,48.75,51.36
21-Jan-17,48.54,51.43
20-Jan-17,48.52,51.32
19-Jan-17,48.85,51.33
18-Jan-17,48.2,51.43
17-Jan-17,48.69,51.32
16-Jan-17,48.69,51.41
15-Jan-17,1.98,51.4
14-Jan-17,48.73,51.52
13-Jan-17,48.6,51.43
12-Jan-17,43,51.69
11-Jan-17,48.79,51.37
10-Jan-17,48.22,51.27
9-Jan-17,48.39,51.41
8-Jan-17,48.69,51.38
7-Jan-17,48.97,51.41
6-Jan-17,48.77,51.35
5-Jan-17,48.74,51.52
4-Jan-17,48.6,51.52
3-Jan-17,48.58,51.52
2-Jan-17,48.85,51.52
1-Jan-17,48.6,51.54
31-Dec-16,48.99,51.52
30-Dec-16,48.9,51.52
29-Dec-16,49.03,51.46
28-Dec-16,48.98,51.5
27-Dec-16,49.08,51.43
26-Dec-16,49.16,51.53
25-Dec-16,48.79,51.52
24-Dec-16,48.6,51.85
23-Dec-16,48.6,51.35
22-Dec-16,48.55,51.5
21-Dec-16,48.42,51.4
20-Dec-16,48.21,51.43
19-Dec-16,48.55,51.29
18-Dec-16,48.68,51.42
17-Dec-16,48.47,51.31
16-Dec-16,48.69,51.33
15-Dec-16,48.58,51.29
14-Dec-16,48.7,51.37
13-Dec-16,48.69,51.93
12-Dec-16,48.76,51.33
11-Dec-16,48.58,51.6
10-Dec-16,47.14,51.52
9-Dec-16,48.37,51.56
8-Dec-16,48.71,51.36
7-Dec-16,48.45,51.35
6-Dec-16,48.58,51.6
5-Dec-16,48.93,51.42
4-Dec-16,47.76,51.78
3-Dec-16,48.43,51.82
2-Dec-16,48.54,51.38
1-Dec-16,48.96,51.82
30-Nov-16,48.63,51.47
29-Nov-16,48.4,51.41
28-Nov-16,48.14,51.73
27-Nov-16,48.74,51.4
26-Nov-16,48.84,51.43
25-Nov-16,48.24,51.52
24-Nov-16,47,51.51
23-Nov-16,48.69,51.55
22-Nov-16,48.69,51.5
21-Nov-16,48.7,51.55
20-Nov-16,48.89,51.52
19-Nov-16,48.94,51.51
18-Nov-16,48.52,51.53
17-Nov-16,48.69,51.52
16-Nov-16,48.75,51.63
15-Nov-16,48.76,51.53
14-Nov-16,48.9,51.52
13-Nov-16,48.87,51.43
12-Nov-16,48.8,51.4
11-Nov-16,47.28,51.5
10-Nov-16,48.72,51.7
9-Nov-16,48.49,51.52
8-Nov-16,48.65,51.51
7-Nov-16,48.86,51.34
6-Nov-16,48.88,51.56
5-Nov-16,48.84,51.46
4-Nov-16,48.98,51.54
3-Nov-16,48.5,51.5
2-Nov-16,48.99,51.59
1-Nov-16,48.69,51.54
31-Oct-16,48.69,51.58
30-Oct-16,48.89,51.47
29-Oct-16,48.11,51.52
28-Oct-16,47.42,51.35
27-Oct-16,48.18,51.52
26-Oct-16,48.81,51.45
25-Oct-16,49.15,51.52
24-Oct-16,48.79,51.5
23-Oct-16,49.07,51.59
22-Oct-16,48.87,51.62
21-Oct-16,48.77,51.51
20-Oct-16,48.31,51.35
19-Oct-16,48.58,51.5
18-Oct-16,48.83,51.5
17-Oct-16,48.72,51.56
16-Oct-16,48.88,51.53
15-Oct-16,49.07,51.44
14-Oct-16,48.99,51.47
13-Oct-16,49.1,51.5
12-Oct-16,48.48,51.6
11-Oct-16,48.5,51.5
10-Oct-16,48.99,51.51
9-Oct-16,49.01,51.52
8-Oct-16,48.93,51.46
7-Oct-16,49.09,51.51
6-Oct-16,48.95,51.47
5-Oct-16,48.67,51.5
4-Oct-16,49.15,51.51
3-Oct-16,49.13,51.48
2-Oct-16,49.05,51.47
1-Oct-16,49.03,51.6
30-Sep-16,49.1,51.59
29-Sep-16,49.15,51.51
28-Sep-16,48.84,51.57
27-Sep-16,48.72,51.59
26-Sep-16,48.95,51.78
25-Sep-16,48.93,51.55
24-Sep-16,49.05,51.56
23-Sep-16,49.13,51.51
22-Sep-16,49.04,51.52
21-Sep-16,49.15,51.64
20-Sep-16,49.05,51.58
19-Sep-16,49.13,51.58
18-Sep-16,48.88,51.47
17-Sep-16,48.65,51.43
16-Sep-16,47.45,51.5
15-Sep-16,48.72,51.61
14-Sep-16,48.92,51.51
13-Sep-16,48.83,51.51
12-Sep-16,49.05,51.43
11-Sep-16,48.72,51.54
10-Sep-16,49.03,51.54
9-Sep-16,48.88,51.42
8-Sep-16,48.81,51.49
7-Sep-16,48.91,51.54
6-Sep-16,48.78,51.55
5-Sep-16,48.88,51.62
4-Sep-16,48.78,51.51
3-Sep-16,48.72,51.47
2-Sep-16,48.36,51.57
1-Sep-16,48.71,51.53
31-Aug-16,48.9,51.5
30-Aug-16,48.95,51.46
29-Aug-16,49.12,51.58
28-Aug-16,49.45,51.55
27-Aug-16,49.09,51.5
26-Aug-16,49.01,51.43
25-Aug-16,48.93,51.47
24-Aug-16,48.8,51.48
23-Aug-16,48.86,51.44
22-Aug-16,48.97,51.68
21-Aug-16,48.98,51.44
20-Aug-16,48.96,51.43
19-Aug-16,49.1,51.41
18-Aug-16,49.05,51.37
17-Aug-16,49.16,51.45
16-Aug-16,49.42,51.5
15-Aug-16,49.12,51.44
14-Aug-16,49.21,51.48
13-Aug-16,48.92,51.47
12-Aug-16,48.9,51.37
11-Aug-16,48.82,51.34
10-Aug-16,48.86,51.29
9-Aug-16,48.91,51.25
8-Aug-16,48.84,51.26
7-Aug-16,48.87,51.2
6-Aug-16,48.97,51.35
5-Aug-16,49.05,51.52
4-Aug-16,49.06,51.29
3-Aug-16,48.94,51.37
2-Aug-16,48.86,51.32
1-Aug-16,48.88,51.19
31-Jul-16,48.9,51.32
30-Jul-16,49.04,51.39
29-Jul-16,48.85,51.23
28-Jul-16,48.86,51.07
27-Jul-16,48.79,51.03
26-Jul-16,48.83,51.3
25-Jul-16,48.86,51.32
24-Jul-16,48.99,51.41
23-Jul-16,48.96,51.44
22-Jul-16,48.98,51.24
21-Jul-16,48.8,51.33
20-Jul-16,48.9,51.13
19-Jul-16,48.88,51.16
18-Jul-16,48.82,51.2
17-Jul-16,48.76,51.28
16-Jul-16,48.76,51.28
15-Jul-16,48.93,51.28
14-Jul-16,48.93,51.16
13-Jul-16,48.81,51.07
12-Jul-16,48.86,51.34
11-Jul-16,48.98,51.54
10-Jul-16,49.02,51.51
9-Jul-16,48.91,51.51
8-Jul-16,48.8,51.24
7-Jul-16,48.83,51.1
6-Jul-16,48.84,51.26
5-Jul-16,48.76,51.4
4-Jul-16,48.78,51.35
3-Jul-16,48.75,51.54
2-Jul-16,48.76,51.18
1-Jul-16,48.78,51.39
30-Jun-16,48.84,51.52
29-Jun-16,48.91,51.32
28-Jun-16,48.83,51.62
27-Jun-16,48.75,51.29
26-Jun-16,48.76,51.18
25-Jun-16,48.79,51.38
24-Jun-16,48.72,51.17
23-Jun-16,47.4,51.58
22-Jun-16,46.5,51.43
21-Jun-16,48.76,51.05
20-Jun-16,48.75,51.33
19-Jun-16,48.73,51.44
18-Jun-16,48.64,50.98
17-Jun-16,48.77,51.36
16-Jun-16,48.82,51.48
15-Jun-16,48.81,51.45
14-Jun-16,48.75,51.11
13-Jun-16,48.75,51.3
12-Jun-16,48.82,51.46
11-Jun-16,47.2,51.54
10-Jun-16,48.77,51.28
9-Jun-16,48.74,51.25
8-Jun-16,48.83,51.39
7-Jun-16,48.66,51.4
6-Jun-16,48.85,51.14
5-Jun-16,48.9,51.29
4-Jun-16,48.94,51.31
3-Jun-16,48.73,51.23
2-Jun-16,48.9,51.44
1-Jun-16,48.67,51.66
31-May-16,48.67,51.41
30-May-16,48.7,51.27
29-May-16,48.75,51.42
28-May-16,48.82,51.42
27-May-16,48.74,51.47
26-May-16,48.69,51.42
25-May-16,48.78,51.98
24-May-16,48.79,51.3
23-May-16,48.9,51.33
22-May-16,48.87,51.42
21-May-16,48.92,51.43
20-May-16,48.84,51.29
19-May-16,48.86,51.52
18-May-16,48.28,51.47
17-May-16,47,51.5
16-May-16,48.73,51.49
15-May-16,48.67,51.48
14-May-16,48.77,51.45
13-May-16,48.57,51.2
12-May-16,48.63,51.56
11-May-16,48.66,51.51
10-May-16,48.69,51.11
9-May-16,48.66,51.25
8-May-16,48.7,51.56
7-May-16,48.65,51.84
6-May-16,48.71,51.43
5-May-16,48.77,51.36
4-May-16,48.82,51.31
3-May-16,48.88,51.39
2-May-16,49.05,51.16
1-May-16,49.03,51.39
30-Apr-16,48.88,51.52
29-Apr-16,49.18,51.35
28-Apr-16,49.83,51.27
27-Apr-16,49.11,50.54
26-Apr-16,48.99,51.37
25-Apr-16,48.4,51.36
24-Apr-16,48.91,51.45
23-Apr-16,47,51.47
22-Apr-16,48.84,51.34
21-Apr-16,48.77,50.13
20-Apr-16,48.75,50.89
19-Apr-16,48.74,50.69
18-Apr-16,48.59,51.04
17-Apr-16,48.78,50.82
16-Apr-16,48.6,51
15-Apr-16,48.67,51.55
14-Apr-16,48.71,51.38
13-Apr-16,48.72,51.19
12-Apr-16,48.75,51.45
11-Apr-16,48.79,51.34
10-Apr-16,48.79,51.5
9-Apr-16,48.7,51.47
8-Apr-16,48.73,51.4
7-Apr-16,48.69,51.41
6-Apr-16,48.65,51.32
5-Apr-16,48.76,51.28
4-Apr-16,48.45,51.37
3-Apr-16,48.67,50.9
2-Apr-16,48.53,51.41
1-Apr-16,48.84,51.18
31-Mar-16,48.8,51.65
30-Mar-16,48.71,51.44
29-Mar-16,48.8,51.42
28-Mar-16,48.83,51.28
27-Mar-16,48.7,51.14
26-Mar-16,48.96,51.25
25-Mar-16,48.89,51.35
24-Mar-16,48.99,51.45
23-Mar-16,48.78,51.41
22-Mar-16,48.75,51.37
21-Mar-16,48.72,51.46
20-Mar-16,48.68,51.42
19-Mar-16,48.74,51.41
18-Mar-16,48.79,51.46
17-Mar-16,48.78,51.48
16-Mar-16,48.2,51.33
15-Mar-16,49.03,51.58
14-Mar-16,48.94,51.42
13-Mar-16,49.05,51.48
12-Mar-16,49.1,51.33
11-Mar-16,49.06,51.25
10-Mar-16,48.31,51.41
9-Mar-16,48.53,51.35
8-Mar-16,49.06,51.52
7-Mar-16,48.96,51.38
6-Mar-16,48.89,51.41
5-Mar-16,48.81,51.48
4-Mar-16,48.97,51.42
3-Mar-16,49.02,51.29
2-Mar-16,49.01,51.39
1-Mar-16,48.91,51.41
29-Feb-16,48.92,51.29
28-Feb-16,48.15,51.37
27-Feb-16,48.66,51.13
26-Feb-16,48.65,51.39
25-Feb-16,48.81,51.26
24-Feb-16,48.77,51.06
23-Feb-16,48.85,50.95
22-Feb-16,48.99,51.28
21-Feb-16,49.1,51.33
20-Feb-16,48.89,51.25
19-Feb-16,48.85,51.04
18-Feb-16,48.85,51.2
17-Feb-16,48.87,51.23
16-Feb-16,48.76,51.08
15-Feb-16,48.78,51.18
14-Feb-16,48.75,51.3
13-Feb-16,48.75,51.29
12-Feb-16,48.84,51.34
11-Feb-16,48.94,51.41
10-Feb-16,49.03,51.29
9-Feb-16,49.04,51.39
8-Feb-16,49.02,51.32
7-Feb-16,49.01,51.25
6-Feb-16,49.1,51.21
5-Feb-16,49.08,51.31
4-Feb-16,48.91,51.2
3-Feb-16,48.83,51.4
2-Feb-16,49.05,51.35
1-Feb-16,48.95,51.3
31-Jan-16,48.97,51.33
30-Jan-16,49.13,51.34
29-Jan-16,48.89,51.26
28-Jan-16,49.08,51.26
27-Jan-16,49.07,51.41
26-Jan-16,49,51.35
25-Jan-16,48.98,51.35
24-Jan-16,49.04,51.37
23-Jan-16,48.86,51.22
22-Jan-16,48.83,51.2
21-Jan-16,48.91,51.21
20-Jan-16,48.97,50.79
19-Jan-16,49.05,51.32
18-Jan-16,48.97,51.24
17-Jan-16,49.03,51.34
16-Jan-16,48.96,51.31
15-Jan-16,49.03,51.29
14-Jan-16,49.01,51.23
13-Jan-16,49.06,51.2
12-Jan-16,49.08,51.24
11-Jan-16,49.02,51.35
10-Jan-16,48.97,51.3
9-Jan-16,49.02,51.25
8-Jan-16,48.96,51.2
7-Jan-16,49.07,51.22
6-Jan-16,48.99,51.35
5-Jan-16,49.04,51.16
4-Jan-16,49.07,51.28
3-Jan-16,49.08,51.31
2-Jan-16,49.09,51.36
1-Jan-16,49.06,51.55
31-Dec-15,48.87,51.22
30-Dec-15,48.96,51.24
29-Dec-15,48.99,51.23
28-Dec-15,48.99,51.28
27-Dec-15,49.03,51.36
26-Dec-15,49.03,51.32
25-Dec-15,49.05,51.54
24-Dec-15,49.09,51.22
23-Dec-15,49.07,51.22
22-Dec-15,49.03,51.37
21-Dec-15,49.05,51.22
20-Dec-15,49.03,51.37
19-Dec-15,49.04,51.31
18-Dec-15,48.83,51.28
17-Dec-15,48.86,51.25
16-Dec-15,48.93,51.4
15-Dec-15,48.93,51.23
14-Dec-15,48.99,51.35
13-Dec-15,49.02,51.24
12-Dec-15,49.06,51.25
11-Dec-15,49.09,51.27
10-Dec-15,49.05,51.29
9-Dec-15,49.13,51.22
8-Dec-15,48.9,51.42
7-Dec-15,49.04,51.36
6-Dec-15,49.06,51.33
5-Dec-15,48.89,51.44
4-Dec-15,49.91,51.25
3-Dec-15,49.08,51.21
2-Dec-15,49.16,51.37
1-Dec-15,49.08,51.31
30-Nov-15,49.06,51.21
29-Nov-15,49.14,51.19
28-Nov-15,49.12,51.31
27-Nov-15,49.09,51.33
26-Nov-15,49.09,51.31
25-Nov-15,49.03,51.33
24-Nov-15,49.21,51.37
23-Nov-15,49.1,51.31
22-Nov-15,49.18,51.33
21-Nov-15,49.14,51.33
20-Nov-15,49.11,51.19
19-Nov-15,49.35,51.17
18-Nov-15,49.17,51.45
17-Nov-15,49.2,51.3
16-Nov-15,49.14,51.06
15-Nov-15,49.11,51.18
14-Nov-15,49.04,51.37
13-Nov-15,48.93,51.29
12-Nov-15,49.02,51.25
11-Nov-15,49.99,51.36
10-Nov-15,49.08,51.36
9-Nov-15,49.17,51.45
8-Nov-15,49.17,51.36
7-Nov-15,49.07,51.41
6-Nov-15,49.11,51.3
5-Nov-15,49.19,51.4
4-Nov-15,49.08,51.33
3-Nov-15,49.05,51.33
2-Nov-15,49.08,51.45
1-Nov-15,49.06,51.52
31-Oct-15,49.07,52.02
30-Oct-15,49.1,51.45
29-Oct-15,49.13,51.41
28-Oct-15,49.14,51.36
27-Oct-15,49.07,51.46
26-Oct-15,49.07,51.3
25-Oct-15,49.03,51.37
24-Oct-15,48.95,51.3
23-Oct-15,49.09,51.36
22-Oct-15,49.07,51.46
21-Oct-15,48.95,51.43
20-Oct-15,49.01,51.5
19-Oct-15,49.07,51.43
18-Oct-15,49.06,51.45
17-Oct-15,49.08,51.47
16-Oct-15,49.14,51.41
15-Oct-15,49.32,51.38
14-Oct-15,49.24,51.45
13-Oct-15,49.14,51.34
12-Oct-15,49.23,51.32
11-Oct-15,49.25,51.41
10-Oct-15,49.03,51.43
9-Oct-15,49.11,51.74
8-Oct-15,49.23,51.56
7-Oct-15,49.09,51.39
6-Oct-15,49.21,51.45
5-Oct-15,49.09,51.47
4-Oct-15,49.07,51.47
3-Oct-15,49.04,51.46
2-Oct-15,49.19,51.68
1-Oct-15,49.1,51.57
30-Sep-15,49.04,51.71
29-Sep-15,49.12,51.76
28-Sep-15,49.18,51.89
27-Sep-15,49.05,51.48
26-Sep-15,49.07,51.64
25-Sep-15,49.07,51.73
24-Sep-15,41.13,51.66
23-Sep-15,49.32,51.46
22-Sep-15,49.22,51.44
21-Sep-15,49.4,51.49
20-Sep-15,49.71,51.41
19-Sep-15,49.16,51.38
18-Sep-15,49.09,51.35
17-Sep-15,49.24,51.35
16-Sep-15,49.41,51.47
15-Sep-15,49.29,51.44
14-Sep-15,49.22,51.47
13-Sep-15,49.32,51.46
12-Sep-15,49.42,51.34
11-Sep-15,49.05,51.48
10-Sep-15,49.21,51.26
9-Sep-15,49.13,51.34
8-Sep-15,49.11,51.34
7-Sep-15,49.33,51.33
6-Sep-15,49.12,51.35
5-Sep-15,49.24,51.31
4-Sep-15,49.06,51.39
3-Sep-15,49.03,51.33
2-Sep-15,49.27,51.32
1-Sep-15,49.08,51.44
31-Aug-15,49.21,51.47
30-Aug-15,49.32,51.38
29-Aug-15,49.37,51.31
28-Aug-15,49.36,51.22
27-Aug-15,49.27,51.29
26-Aug-15,49.51,51.22
25-Aug-15,49.34,51.27
24-Aug-15,49.17,51.3
23-Aug-15,49.22,51.31
22-Aug-15,49.25,51.33
21-Aug-15,49.02,51.46
20-Aug-15,49.19,51.46
19-Aug-15,49.33,51.36
18-Aug-15,49.26,51.35
17-Aug-15,49.28,51.35
16-Aug-15,49.33,51.29
15-Aug-15,49.6,51.19
14-Aug-15,49.31,51.19
13-Aug-15,49.17,51.14
12-Aug-15,49.17,51.11
11-Aug-15,49.21,51.01
10-Aug-15,49.11,51.16
9-Aug-15,49.32,51.33
8-Aug-15,49.28,51.37
7-Aug-15,49.17,51.33
6-Aug-15,49.33,51.29
5-Aug-15,49.42,51.26
4-Aug-15,49.2,50.98
3-Aug-15,49.15,50.92
2-Aug-15,49.38,50.82
1-Aug-15,49.35,51.02
31-Jul-15,49.22,51.2
30-Jul-15,49.11,51.34
29-Jul-15,49.06,51.36
28-Jul-15,49.11,51.38
